querry_id,total_operators,distinct_operators,ascii_len,part_number
22635,104,9,808,27
70710,16,7,282,25
177084,184,7,825,26
92501,72,7,745,27
91896,30,5,462,26
125882,340,8,2428,32
65129,70,9,816,28
23961,12,5,1067,39
75167,14,5,290,24
108060,50,8,375,24
8095,14,6,246,24
1457,40,8,461,25
31351,12,5,294,25
271146,12,5,1067,39
269078,108,7,24487,74
134362,16,7,357,26
110153,36,7,496,25
135694,36,9,611,26
62091,48,8,2754,30
5812,14,5,274,24
133038,24,5,443,33
69731,12,5,257,25
68400,50,7,282,24
135212,60,9,620,26
100592,14,4,269,24
19473,24,8,537,25
112554,36,7,496,25
18144,20,5,402,25
74084,16,7,330,25
58601,24,6,1203,33
53152,38,7,406,33
272462,48,6,747,24
1225,24,7,416,25
29278,10,4,296,26
273312,60,7,472,24
102762,18,7,269,24
87149,16,6,340,24
802,14,5,210,24
132197,60,7,998,23
31107,66,10,347,24
43312,34,8,370,25
64055,72,8,373,25
179284,174,8,930,28
68898,16,6,310,24
68655,14,5,237,24
120172,60,8,987,28
60928,16,6,316,25
55581,12,5,1268,47
74098,14,5,459,27
82958,20,6,385,26
70729,16,7,226,24
135472,24,8,470,26
134384,16,7,357,26
125619,340,8,2428,32
33756,62,7,278,19
69753,168,8,464,25
86071,8,4,243,24
90574,38,9,311,24
66242,46,7,204,24
179030,224,6,1501,29
41364,14,5,284,25
114955,36,7,496,25
82706,22,6,428,27
1248,24,7,260,24
2578,54,7,1739,35
59951,34,8,228,24
29258,14,5,368,27
134152,8,3,226,24
100563,18,6,340,24
31326,30,7,237,24
65392,54,8,384,25
32899,36,7,878,26
20654,116,7,505,25
100381,18,4,340,24
66012,34,10,1159,30
43776,36,8,370,25
72932,30,8,857,30
70750,16,7,284,25
134553,16,6,260,24
93877,100,10,341,25
92786,16,6,227,24
103410,56,7,443,25
29229,50,6,816,27
134318,16,7,241,24
265746,54,7,1644,34
173915,64,7,481,25
272030,42,7,381,24
106919,12,5,257,25
58634,118,10,326,24
30221,126,9,993,26
125436,104,8,5378,32
5852,44,8,365,25
27281,46,7,812,27
837,14,5,210,24
70505,12,5,232,24
132381,52,8,1018,22
92532,76,8,828,27
87182,16,6,227,24
38175,32,8,494,20
132143,52,8,919,22
134563,16,6,260,24
19674,36,7,389,26
17496,12,5,241,25
102331,54,9,429,24
135419,24,8,470,26
267915,116,8,908,27
54287,8,3,582,33
58645,118,10,326,24
30694,36,7,347,25
104508,12,5,286,27
33961,34,6,351,19
83824,44,9,509,26
57795,56,5,267,24
59972,32,6,275,24
1267,14,5,210,24
3202,66,7,8271,34
82731,20,6,381,26
1023,24,7,261,24
94948,16,5,376,26
179206,56,6,1557,29
32638,24,7,704,26
71608,18,7,290,24
104743,66,7,1408,26
31304,12,5,237,24
64083,16,6,301,25
68683,64,8,318,24
69530,38,11,1165,30
68440,70,9,317,24
5868,14,5,278,25
33723,28,8,342,19
30458,396,9,1113,28
92564,72,7,745,27
68456,18,6,332,24
17464,10,5,237,25
66278,30,8,239,24
37075,16,7,2484,33
179484,66,8,1083,28
67122,42,9,405,24
134339,16,7,302,25
22816,162,11,822,27
68217,50,7,282,24
68699,20,7,333,24
70773,16,7,343,26
40488,16,5,414,26
39490,12,5,223,24
173937,74,7,674,26
62903,58,10,3900,33
84703,30,8,999,27
26177,18,6,352,24
29445,20,6,408,26
60972,36,8,430,25
271167,16,5,221,25
8900,16,6,235,24
134100,34,8,577,34
70526,16,6,302,25
19649,36,7,389,26
70545,12,5,232,24
38394,46,6,396,20
72964,28,7,857,30
180446,58,8,1172,29
8920,24,8,299,24
180689,98,9,1317,29
101463,14,5,257,25
43506,36,8,370,25
122382,112,8,285,19
2141,66,7,8271,34
21735,68,9,5131,34
42657,34,8,370,25
56480,42,6,265,24
128917,22,6,449,34
60743,16,6,316,25
59994,32,6,275,24
1045,14,5,210,24
133020,10,5,180,24
94969,16,5,417,27
5888,40,8,600,25
17479,10,5,180,24
106904,16,4,329,25
7825,24,8,234,24
73805,32,7,1023,30
178135,68,9,790,26
266633,208,8,635,27
60070,30,8,263,24
59080,38,11,1171,30
62494,70,11,1157,30
56809,72,7,340,24
64434,56,8,623,26
72059,124,7,292,24
74478,12,6,238,24
75567,38,8,1028,30
66616,48,9,334,24
74232,14,6,209,24
74230,36,7,209,24
73140,30,9,854,30
177917,116,8,419,25
875,30,8,245,24
126325,108,8,5306,32
77512,68,8,255,24
104536,12,5,257,25
6504,16,8,309,25
135051,32,7,461,26
84042,34,8,481,25
102119,54,9,429,24
65770,88,9,253,24
62263,40,9,1360,30
4341,90,9,2679,28
74008,22,7,699,27
105400,54,7,1742,35
64685,60,9,605,25
63596,14,5,637,29
4585,90,9,2769,28
104552,12,5,257,25
67710,24,10,944,30
22001,68,9,5131,34
31184,34,10,280,24
272065,12,5,317,24
86459,14,5,264,24
174633,58,8,651,26
173786,74,7,674,26
53313,38,7,406,33
887,14,5,210,24
60089,12,4,261,24
7843,14,5,263,24
45341,116,10,636,26
106965,12,5,239,24
6514,16,8,320,25
86210,8,4,243,24
63361,22,7,3682,32
75108,44,8,1028,30
102582,54,9,429,24
26819,28,7,282,24
66632,34,8,317,24
65547,58,9,664,29
74498,18,5,286,24
130611,18,6,488,21
22453,52,8,1437,34
130854,78,8,706,21
74253,12,5,219,25
74252,6,3,215,24
95195,20,5,1259,29
1082,14,5,210,24
72071,10,5,226,24
74490,32,8,615,27
50055,40,10,964,29
52477,16,6,280,20
124367,68,8,2428,32
6524,34,9,311,25
106934,12,5,200,24
61188,48,9,1184,29
128727,14,5,257,33
65791,88,9,253,24
106952,16,4,272,24
90972,20,6,244,31
63134,50,10,3789,33
6544,32,8,309,25
74269,14,6,209,24
74268,14,6,207,24
66648,18,6,332,24
132803,10,5,180,24
122181,112,8,285,19
73174,30,9,854,30
32014,8,3,424,25
53577,22,4,582,33
274468,48,6,669,24
77524,24,9,368,25
175741,38,7,736,26
6534,34,9,311,25
129806,34,8,718,36
181387,68,6,3308,32
8732,48,10,388,24
21585,52,8,1339,33
135003,16,6,388,26
104344,14,6,5109,45
75129,14,5,207,24
106763,162,7,930,28
266675,208,8,635,27
6554,12,5,320,25
66412,14,5,237,24
18173,20,5,402,25
22675,52,8,625,27
72096,8,4,239,24
75363,46,9,1028,30
79975,16,5,258,25
52497,50,7,350,20
32242,36,7,878,26
6304,14,4,256,24
43371,48,9,385,25
134166,8,3,226,24
37932,16,5,287,19
53109,12,5,332,33
44456,66,10,385,25
265336,124,9,413,25
128781,18,6,358,34
64242,74,9,800,26
266420,136,8,2107,28
6564,16,8,309,25
43121,18,5,385,25
270929,20,6,313,24
7410,14,5,253,24
7896,14,5,263,24
74048,46,7,204,24
25952,74,9,740,24
125273,340,8,2428,32
3295,54,7,1641,34
25953,18,6,352,24
74040,16,7,738,28
175924,54,7,839,26
37927,24,7,2835,35
119832,60,8,756,28
70916,30,6,326,25
4138,68,8,2071,28
135266,24,8,460,26
6316,50,8,338,24
107855,48,8,311,24
133081,24,5,443,33
23746,12,5,239,24
41174,14,5,270,24
64011,16,6,301,25
7664,14,5,255,24
103231,16,6,291,25
68855,6,3,244,24
129864,34,8,793,36
67765,18,6,332,24
6334,50,8,338,24
6576,16,8,309,25
69949,16,5,341,25
74056,16,7,470,28
118724,32,6,511,26
181121,94,9,2581,32
79992,22,6,293,25
74292,18,5,286,24
74291,14,6,209,24
131907,52,8,639,20
54451,8,3,582,33
130818,32,7,542,21
30286,124,9,1002,27
31374,8,4,233,24
106978,14,5,219,24
53127,30,8,327,33
29042,32,6,577,26
134182,8,3,226,24
107828,32,8,306,24
23999,12,5,1067,39
66440,18,6,332,24
70943,34,6,409,25
69714,8,4,196,24
6344,14,4,256,24
6586,16,8,309,25
23519,128,9,692,26
42011,38,8,356,24
107841,12,5,236,24
104574,168,8,464,25
6103,18,6,353,24
124166,48,8,1567,27
75159,34,8,1042,30
180042,174,8,930,28
274270,120,7,472,24
118959,48,6,645,26
174858,72,7,767,26
29297,20,6,392,26
37905,32,8,289,19
82911,20,6,385,26
30031,84,8,672,25
79746,34,7,246,24
134196,8,3,226,24
91615,38,9,431,25
42492,50,9,387,25
107773,60,8,323,24
39870,40,8,653,26
74879,32,6,265,24
63740,24,7,273,24
70037,124,9,413,25
6115,18,6,354,24
6356,56,9,338,24
118668,12,5,293,26
62414,44,8,997,30
62656,44,9,2639,33
27889,76,6,435,25
40859,16,4,438,27
86625,26,6,241,24
24133,16,5,299,25
179812,68,6,1161,28
174125,56,7,596,26
38304,18,7,350,20
120508,32,7,467,26
37459,16,7,2484,33
180817,98,9,2439,32
175693,20,5,561,26
177872,116,8,419,25
270978,12,5,239,24
127370,84,6,5767,40
132981,24,5,443,33
92057,52,9,265,31
7454,16,6,276,24
36352,108,10,512,19
107786,12,5,239,24
266224,108,7,940,28
73554,16,7,621,30
27656,16,6,332,26
41942,40,8,569,26
29834,72,7,876,26
35263,42,9,443,19
64603,60,9,605,25
130567,18,6,488,21
126045,128,9,5178,32
40616,20,8,398,26
86608,10,5,180,24
119752,46,8,738,27
83106,22,6,370,26
85768,12,5,227,24
34177,66,9,443,19
266473,68,8,1472,27
38535,24,7,2835,35
265385,124,9,413,25
17618,40,8,613,26
172176,44,6,404,24
131662,130,9,984,21
5041,68,9,1111,27
6375,56,9,338,24
104240,36,8,7963,45
74899,46,9,2410,30
129302,28,5,736,35
74656,32,8,615,27
106423,162,7,930,28
61585,112,8,2402,29
63763,72,7,207,24
8797,14,5,218,24
130333,22,6,490,21
65701,144,9,592,28
74411,32,8,615,27
117557,18,6,382,26
61345,60,9,1094,29
132519,52,8,919,22
118650,12,5,293,26
60016,32,6,275,24
27620,38,9,515,26
60256,32,7,342,24
25441,64,6,574,24
24111,16,5,221,25
60495,40,8,453,25
104478,12,5,257,25
107503,62,7,1143,39
39616,16,6,336,26
69065,16,7,373,24
75516,138,9,1028,30
6143,18,6,543,26
64861,128,9,589,25
120719,54,9,361,19
130104,20,7,255,20
73578,16,7,570,29
8565,28,5,336,24
74664,16,6,236,24
29813,28,6,325,24
62203,20,6,1455,30
73332,14,6,437,27
23037,270,11,1202,27
95102,50,7,937,28
28727,16,5,416,25
27638,22,7,421,26
134945,32,8,460,26
178739,68,6,1105,28
51795,30,8,806,30
83127,18,6,295,25
24121,16,5,221,25
85786,12,5,302,25
117797,122,7,869,26
27871,16,6,388,24
107759,60,8,364,25
106669,152,9,1206,28
103158,10,4,289,25
7227,16,6,257,24
83365,20,6,396,26
8317,42,5,415,24
53979,20,6,620,33
6157,18,6,459,26
74436,30,8,480,27
73106,28,6,854,30
131840,66,9,885,21
266037,116,8,908,27
37410,68,8,513,20
129362,28,5,643,35
48309,26,8,470,20
66808,34,8,317,24
33299,36,7,878,26
86668,48,7,242,24
84488,100,7,424,25
84248,32,8,1197,34
270773,20,6,313,24
17802,16,5,341,25
60033,34,8,228,24
52657,82,7,402,20
45033,116,10,404,25
37656,16,7,2610,34
83152,20,6,383,26
265194,168,8,464,25
59050,118,10,326,24
129114,22,5,470,35
70089,38,7,422,26
63553,14,5,637,29
65731,144,9,592,28
24586,48,6,747,24
66824,18,6,332,24
74201,474,6,341,25
74685,32,8,615,27
73354,16,7,497,28
26766,28,7,460,25
74684,12,6,237,24
130523,18,6,488,21
27856,28,6,356,25
129593,156,9,1773,36
172139,32,6,317,24
123800,44,5,565,21
175409,38,7,506,26
86416,32,7,218,24
54841,20,6,620,33
60289,40,8,495,25
84474,34,8,764,27
177820,60,9,423,24
53517,22,4,582,33
23229,18,6,352,24
104043,30,7,5146,45
109975,16,5,338,25
74218,12,5,225,24
107799,20,7,254,24
13660,36,10,299,24
73127,60,8,329,25
74458,12,5,223,24
7267,16,6,224,24
72036,124,7,292,24
130773,18,6,488,21
67925,18,6,332,24
27822,28,6,356,25
24312,32,6,574,24
6171,18,6,459,26
103191,16,6,291,25
73361,20,8,430,25
133809,30,8,591,34
175437,20,5,566,26
79913,16,5,249,24
107307,62,7,1143,39
121859,32,8,285,19
177613,64,6,825,26
61144,36,7,781,29
55702,12,5,1345,48
270753,8,3,231,24
106216,132,7,8298,34
60050,30,6,261,24
136086,40,9,633,26
265172,12,5,257,25
118690,16,6,364,26
46338,158,10,946,27
5097,48,8,652,26
106473,152,9,1206,28
265155,8,4,196,24
132963,10,5,180,24
36771,16,7,1908,30
65753,30,8,515,28
73378,16,7,552,29
95143,50,7,937,28
75312,138,9,1028,30
127156,220,7,4797,30
74220,36,7,209,24
107560,14,5,1071,39
27836,12,5,317,24
74461,30,8,480,27
119531,46,8,738,27
34359,28,7,406,24
117354,16,5,338,25
118440,22,6,538,27
178939,224,6,1501,29
118204,120,10,1339,28
22382,52,8,1437,34
266011,66,7,2011,27
271832,42,7,381,24
117591,122,7,869,26
130154,16,6,271,20
132333,52,8,919,22
131002,74,9,530,19
181500,48,6,2750,32
8132,22,7,255,24
129168,28,5,643,35
7287,14,5,253,24
38143,24,7,2835,35
93317,12,5,264,25
38144,48,8,331,19
43970,48,9,373,24
6193,18,6,459,26
84839,46,8,772,26
119125,32,6,511,26
118278,300,8,1161,28
57464,62,7,275,24
269354,54,7,6180,74
179417,116,8,930,28
17447,10,5,180,24
30665,46,7,477,26
68351,50,7,282,24
271419,12,5,1067,39
38371,12,5,317,20
71536,6,3,224,24
7054,22,6,244,24
134524,16,6,227,24
18544,66,6,404,25
70689,12,6,222,24
69212,36,7,630,25
17692,40,8,464,25
41540,20,7,685,26
60637,40,8,485,25
29673,48,6,569,25
120575,32,7,405,26
27495,14,5,321,25
123845,112,8,285,19
119596,26,8,564,27
178318,64,6,1184,28
133680,30,8,582,34
119351,16,5,392,27
73949,32,8,629,27
176374,32,6,1078,29
107596,16,6,292,25
93334,100,10,341,25
37273,16,7,2484,33
19842,22,7,350,24
38122,36,7,260,19
31729,6,3,269,24
40684,20,7,407,26
56151,42,6,265,24
40447,40,9,635,26
63920,28,8,262,24
135628,36,9,459,26
27220,46,7,1624,34
60899,86,9,388,25
1513,40,8,461,25
30400,396,9,1113,28
83537,20,8,459,25
271881,64,8,554,24
121894,32,8,285,19
29641,30,6,362,25
181726,44,8,2217,31
82681,18,6,369,26
17429,16,5,246,24
82440,12,5,199,24
30407,32,7,417,24
83771,54,7,604,26
31975,8,3,424,25
120326,78,10,1254,28
30644,36,7,347,25
268240,54,7,6180,74
73716,16,7,625,30
94411,100,10,341,25
179671,116,8,930,28
42851,36,8,370,25
68387,34,9,284,24
266288,136,8,2107,28
135875,40,9,633,26
71553,4,2,237,24
73970,32,8,629,27
120796,22,8,376,19
80012,12,5,199,24
100727,18,4,340,24
118243,132,9,1442,28
118004,58,7,2051,30
118488,16,6,368,26
27475,10,5,237,25
30879,12,5,706,27
271631,12,5,1067,39
69471,30,6,371,24
134791,36,9,460,26
49001,94,10,1708,29
130192,42,7,253,19
73504,16,7,497,28
71567,14,6,207,24
73987,32,8,494,27
73744,16,7,699,31
38102,16,7,499,23
38344,30,8,422,20
133862,30,8,576,34
108021,28,7,283,24
63701,72,7,207,24
57260,24,10,944,30
8172,36,7,336,24
29869,30,7,237,24
27682,20,6,414,26
176108,32,6,752,26
85731,16,6,270,25
27442,8,4,196,24
123894,30,8,413,21
27684,42,7,381,24
60430,44,8,562,25
30625,32,7,417,24
100531,22,6,428,24
3710,54,7,1739,35
175494,20,5,743,27
273409,48,6,669,24
52817,82,7,403,20
180622,58,8,1172,29
70485,12,6,222,24
17890,36,7,413,25
100792,262,8,279,24
27459,10,5,237,25
7095,16,6,224,24
40417,16,6,336,26
135817,36,9,459,26
40658,16,6,336,26
63949,36,8,373,25
58129,88,9,327,24
1305,12,5,197,24
82458,16,5,283,24
5906,28,5,354,24
123645,98,8,528,21
85965,12,5,196,24
60685,20,5,398,25
271695,12,5,317,24
24188,12,5,317,24
100782,540,8,373,24
30615,42,7,474,26
271456,16,5,225,25
38578,28,6,2140,25
178512,56,6,1093,28
31700,20,6,269,24
175242,70,7,489,25
118065,60,7,977,28
80030,20,6,281,24
126916,84,6,5231,32
73528,16,7,570,29
71589,20,7,230,24
40641,20,8,398,26
49214,40,10,947,29
27426,10,5,180,24
29603,16,5,416,25
24157,12,5,317,24
28997,64,6,574,24
107395,56,9,2270,39
59461,24,6,481,26
43911,50,9,387,25
29847,12,5,246,24
122787,66,9,361,19
122305,44,7,378,19
4829,90,9,2713,28
124963,128,9,5234,32
120363,60,8,987,28
85996,14,5,218,24
177698,56,8,496,24
45093,26,8,470,20
101844,36,9,350,24
134743,16,6,388,26
74627,32,8,615,27
128088,92,6,5130,30
131473,42,9,645,20
133652,10,5,180,24
39642,16,5,420,26
28765,32,7,602,25
73770,16,7,648,30
134505,16,7,287,25
29618,26,6,290,25
92030,36,7,728,27
63979,40,9,400,25
100768,540,8,373,24
86838,60,9,948,26
83326,20,6,396,26
271671,12,5,1145,39
1322,12,5,254,25
119379,22,7,484,27
2652,54,7,1641,34
60223,100,9,511,25
175267,80,8,767,26
85983,12,5,234,24
177445,68,6,826,26
38315,34,6,5944,35
68181,50,7,282,24
51517,54,7,359,20
19814,14,6,251,24
69033,16,7,298,24
135568,36,9,459,26
68999,16,7,463,25
41277,14,5,270,24
64159,52,9,445,25
133389,32,7,443,33
101793,18,9,269,24
1580,38,7,483,26
74196,12,5,225,24
107096,20,5,251,24
76387,24,9,368,25
120066,56,8,833,28
271266,12,5,239,24
134484,16,6,227,24
5932,36,6,414,24
100698,18,6,340,24
102879,10,4,274,25
42598,50,9,387,25
42357,36,8,370,25
123573,66,8,343,20
75057,44,8,1028,30
42119,38,8,370,25
22524,52,8,1437,34
75051,12,5,221,24
33882,50,6,351,19
272100,16,6,388,24
1344,40,8,461,25
922,14,5,210,24
70835,32,8,313,24
40171,16,5,420,26
66340,50,8,334,24
41494,14,5,483,26
65021,58,9,746,28
41250,34,9,272,24
132077,52,8,639,20
180113,58,8,1172,29
134256,48,7,313,24
41019,16,4,344,25
1120,24,6,270,24
265807,54,7,810,26
55461,12,5,241,31
75066,12,5,199,24
55464,38,9,1174,30
28038,24,6,356,25
120286,8,3,1072,28
79677,28,7,239,24
36908,28,8,1908,30
135111,40,7,549,26
28030,52,6,395,24
70606,14,5,253,24
5957,36,6,414,24
68302,50,7,282,24
40395,16,6,336,26
18005,38,7,511,26
134027,40,8,577,34
123550,30,7,257,20
17391,10,5,209,24
122220,44,7,378,19
60818,36,8,430,25
38072,16,7,499,23
130901,78,8,706,21
82833,20,8,564,27
30114,64,7,749,25
2457,264,7,12193,35
124635,128,9,5258,32
54149,8,3,582,33
29379,20,6,408,26
271236,16,5,221,25
271478,12,5,239,24
31205,18,9,245,24
127907,220,7,4797,30
31449,6,3,279,24
66360,6,3,206,24
64196,52,9,560,26
70874,40,8,313,24
180333,68,6,1403,29
44743,116,10,404,25
22717,128,9,794,27
135520,16,6,388,26
132017,44,8,434,19
91337,32,8,431,25
5981,18,6,334,24
66378,16,5,273,24
128830,22,6,579,34
129920,34,8,718,36
19783,34,9,237,24
1142,14,5,210,24
124472,340,8,2428,32
266716,208,8,635,27
75087,14,5,225,24
83949,50,9,531,25
29101,32,6,577,26
54398,8,3,722,34
124229,68,8,1660,27
29584,30,6,352,25
30342,396,9,1113,28
30580,46,9,592,27
29345,16,6,358,26
103764,14,6,5109,45
100499,22,6,411,24
64192,24,10,944,30
102439,62,8,464,24
43641,36,8,370,25
19796,10,5,180,24
69895,168,8,464,25
70646,14,5,253,24
104630,40,8,464,25
134445,16,7,298,25
53073,24,6,332,33
55493,12,5,241,31
117926,58,7,2012,29
83700,44,9,509,26
960,30,8,245,24
100267,38,6,340,24
102687,36,9,350,24
106805,162,7,930,28
110061,16,5,338,25
65294,62,8,816,28
177187,60,7,1140,26
179121,224,6,1501,29
68575,18,6,1289,29
66155,58,9,746,28
87095,28,6,432,24
68338,30,8,284,24
134212,16,7,241,24
133124,28,7,439,33
134698,16,6,463,27
29326,10,4,296,26
125782,136,9,5242,32
28238,16,5,377,24
60848,30,8,257,24
38281,12,5,317,20
85905,16,6,275,24
61936,52,7,12162,34
58537,52,6,341,25
53087,12,5,332,33
973,30,8,245,24
736,14,5,210,24
5997,22,6,397,24
66394,10,5,204,24
19768,34,9,292,24
103503,44,6,682,26
18201,68,7,411,25
132287,60,7,1077,23
68101,18,6,332,24
21850,52,8,1437,34
38035,84,7,236,35
134465,16,7,298,25
42539,34,8,370,25
40598,52,8,587,26
135319,24,8,460,26
60866,36,8,430,25
82878,22,6,428,27
122013,16,5,283,19
3589,264,7,12193,35
985,14,5,210,24
28486,16,6,388,24
134230,16,7,241,24
7944,16,5,305,24
30798,42,7,457,27
73928,32,8,494,27
65073,58,9,746,28
27150,46,6,4196,33
179345,174,8,930,28
266515,54,7,940,28
266757,116,7,603,26
64795,128,9,589,25
66974,62,9,310,24
106841,38,7,520,27
19187,66,6,404,25
128631,14,5,257,33
73268,40,7,426,26
74598,32,8,615,27
122097,16,5,283,19
18095,72,7,502,25
23201,14,6,251,24
23443,128,9,790,27
32160,24,7,617,26
26710,28,7,460,25
73023,14,6,636,30
22116,52,8,1437,34
27802,14,6,275,25
1180,24,5,260,24
86349,8,4,251,24
50396,40,10,1117,30
61047,86,9,388,25
104414,12,5,258,25
102476,54,9,429,24
37853,16,5,287,19
105985,66,7,8298,34
7714,28,8,307,24
91921,36,7,639,27
134082,8,3,226,24
103327,16,6,283,25
54759,20,6,620,33
4462,90,9,2680,28
62145,42,9,1182,30
102013,54,9,429,24
64565,52,9,445,25
103585,14,5,281,26
65657,76,9,771,28
74366,34,9,266,24
23453,18,6,352,24
68923,6,3,244,24
73034,20,7,329,25
75210,34,8,1042,30
71096,34,6,409,25
274371,120,7,472,24
175606,20,5,734,26
272188,32,6,574,24
126677,96,8,2908,32
86574,12,5,214,24
105754,66,7,8298,34
135182,36,9,452,26
104429,12,5,200,24
4218,90,9,2623,28
107937,16,5,281,24
63481,22,7,3682,32
102460,98,10,589,24
66990,18,6,325,24
63241,22,7,3682,32
41096,16,4,290,24
64330,56,8,623,26
103550,28,5,603,26
6412,14,4,256,24
67845,18,6,332,24
74134,10,5,244,25
75465,46,9,1028,30
73284,20,6,441,26
74131,28,7,510,27
75220,14,5,286,25
127756,92,6,13980,40
777,30,8,245,24
6402,18,5,322,24
91946,16,5,226,31
175874,54,7,666,26
101128,18,6,262,24
37834,36,7,199,19
107904,16,6,248,24
173692,66,6,501,25
172121,16,6,237,24
86590,12,5,199,24
66520,70,9,317,24
6423,40,7,302,24
8840,28,6,316,24
74148,28,7,510,27
65679,144,9,592,28
123153,66,9,361,19
63016,50,10,3789,33
22585,52,8,625,27
95069,20,5,854,28
130744,28,6,548,21
23677,18,5,332,24
73294,16,5,1934,30
132925,40,7,428,33
14728,24,8,299,24
174536,80,8,740,26
30197,32,7,334,24
174772,56,7,596,26
84179,32,8,1197,34
87202,26,7,278,31
102225,54,9,429,24
61075,30,8,257,24
7748,12,5,235,24
104461,8,4,196,24
266557,108,7,940,28
86382,14,5,218,24
45679,116,10,719,26
128673,14,5,216,31
135367,16,6,388,26
107732,60,8,364,25
6433,30,6,291,24
42166,18,5,385,25
75006,44,8,1028,30
66536,18,6,332,24
75002,12,5,237,24
790,30,8,245,24
69807,16,5,341,25
74151,16,7,330,25
33699,36,7,878,26
37815,34,6,5944,35
274177,92,9,637,24
31274,12,5,237,24
119964,56,8,833,28
55642,12,5,1345,48
173877,64,7,481,25
118632,12,5,293,26
7514,12,5,243,24
4005,264,7,12193,35
105545,54,7,1644,34
265472,54,7,810,26
135134,32,8,461,26
134280,8,3,243,24
61093,86,9,388,25
6443,14,4,302,24
105323,54,7,1742,35
68966,16,7,298,24
7774,14,5,263,24
74169,16,6,715,27
75258,24,9,368,25
64127,72,8,373,25
66308,40,9,334,24
75015,14,5,218,24
180180,98,9,1327,29
126484,96,8,2908,32
23655,104,10,510,25
23898,12,5,1067,39
53473,18,7,337,33
73072,30,9,854,30
106889,36,7,440,25
134298,48,7,313,24
92808,20,7,310,24
129509,34,8,793,36
267866,54,7,930,28
7545,14,5,255,24
6213,22,6,651,26
33670,62,7,278,19
22774,52,8,625,27
75261,138,9,1028,30
31015,50,7,312,24
173898,92,7,604,25
31253,16,6,237,24
129734,140,8,1282,36
79879,14,5,286,25
175830,42,7,616,26
29160,32,6,577,26
107705,44,6,348,26
32107,24,7,584,26
90891,18,5,335,31
103362,32,6,364,25
181258,68,6,3308,32
265437,38,7,422,26
91985,44,9,249,31
104697,38,7,486,26
6464,16,8,320,25
103121,10,4,274,25
18044,72,7,502,25
65476,68,9,401,25
66324,34,8,317,24
5136,20,5,362,26
265675,54,7,1644,34
65239,76,9,756,28
26900,58,9,567,24
130945,36,7,434,19
28088,32,7,555,25
74182,8,4,234,24
54342,8,3,722,34
275232,60,7,472,24
125127,100,8,2863,32
124038,120,8,916,21
54589,20,6,620,33
31482,16,5,279,24
106867,12,5,257,25
104445,8,4,195,24
129969,42,7,253,19
70813,16,6,227,24
87243,14,6,290,31
135160,68,9,621,26
34515,40,7,423,24
103294,10,4,274,25
105474,54,7,1644,34
6474,34,9,311,25
266354,136,8,2107,28
266597,208,8,635,27
39511,12,5,277,25
73662,16,7,731,32
65804,14,5,251,24
74990,12,5,238,24
107890,12,5,236,24
72570,8,4,242,24
64956,60,9,1323,28
29947,16,6,227,24
60109,24,6,263,24
26671,8,4,196,24
178604,224,6,1501,29
118554,16,4,365,26
84567,24,6,372,25
271940,20,6,391,24
8646,14,5,218,24
6228,18,6,289,24
30941,18,9,245,24
38427,24,7,2835,35
118791,48,6,645,26
8408,14,5,256,24
117460,16,5,338,25
52977,46,6,330,20
267679,116,8,908,27
75618,38,6,1028,30
106571,76,9,1206,28
6484,16,8,320,25
74768,12,5,261,25
5155,20,5,306,26
7334,30,8,288,24
104397,12,5,200,24
6246,18,6,289,24
107664,36,7,475,25
73432,16,7,658,31
40733,40,7,614,26
28867,16,6,388,24
70165,86,9,411,25
62787,40,9,3848,33
26688,8,4,253,25
63637,72,7,207,24
65817,10,5,264,24
103061,14,6,5102,44
62307,48,10,1059,30
131539,56,9,645,20
126162,340,8,2428,32
66904,70,9,317,24
60128,30,6,261,24
179929,68,6,1161,28
117694,58,7,869,26
27774,14,6,275,25
68085,70,9,317,24
17978,38,7,422,26
84792,30,8,680,26
74519,32,8,615,27
6494,60,7,320,25
265248,16,5,341,25
103274,10,4,245,25
108965,116,7,502,25
6011,78,7,327,24
6256,14,4,256,24
63881,72,7,207,24
129664,34,8,793,36
128576,14,5,216,31
129424,34,8,843,35
180910,58,8,1172,29
7347,12,5,243,24
26896,46,6,765,25
72595,18,7,290,24
26412,20,6,363,25
130699,18,6,488,21
95234,46,10,563,26
71260,34,6,448,26
29925,12,5,261,24
117440,12,5,254,25
118532,12,5,293,26
46022,70,10,493,25
107627,16,6,292,25
38643,24,7,2835,35
107868,12,5,236,24
17942,38,7,422,26
177771,60,9,423,24
7594,28,7,335,24
74307,10,5,204,24
6264,14,4,256,24
8441,14,5,218,24
93288,16,6,227,24
73218,12,5,246,24
74789,22,7,346,25
73458,16,7,604,30
106314,54,7,1742,35
105225,132,7,8298,34
121929,16,5,283,19
66920,30,8,239,24
8687,14,5,218,24
74544,30,8,480,27
7115,14,4,332,24
74786,46,9,855,27
132884,18,5,359,33
29934,64,7,749,25
27756,6,3,266,25
27995,12,5,317,24
27754,16,6,388,24
133977,30,8,573,34
86509,28,7,330,24
133737,30,8,597,34
73690,16,7,676,31
5172,20,5,265,25
83008,20,6,414,26
65829,30,8,253,24
35127,6,3,406,24
86754,18,7,258,24
40709,12,5,347,26
60386,40,8,453,25
83484,20,6,485,26
38633,16,5,390,20
177522,64,6,825,26
83243,44,9,364,25
37789,66,7,511,21
270823,12,5,239,24
178850,58,8,874,28
44071,64,10,371,24
6276,64,7,340,24
29907,12,5,472,26
73228,16,5,1934,30
131962,52,8,639,20
6035,78,7,327,24
27964,76,6,435,25
64757,52,9,445,25
40940,16,4,399,26
66933,30,8,239,24
72130,124,7,292,24
65607,76,9,771,28
118112,300,8,1161,28
172268,48,5,711,24
101908,54,9,429,24
61003,16,6,316,25
86543,8,4,257,24
60151,16,5,322,25
109869,12,5,254,25
174440,80,8,740,26
173593,54,6,744,25
271738,16,5,299,25
109889,16,5,338,25
74569,30,8,480,27
6047,78,7,327,24
74326,18,6,264,24
8224,42,5,415,24
75414,46,9,1028,30
129238,28,5,829,35
63676,34,9,242,24
27733,10,4,297,26
66946,14,5,237,24
24223,16,6,388,24
119427,22,7,484,27
72143,18,7,290,24
7372,34,9,288,24
133914,30,8,503,34
132826,88,8,340,32
84118,32,8,1197,34
174677,80,8,740,26
38610,12,5,317,20
84352,58,7,667,26
123928,120,8,916,21
39947,16,5,420,26
120659,18,7,275,19
7385,14,5,299,24
130411,18,6,298,19
64530,52,9,560,26
73246,14,5,340,26
6059,14,5,267,24
63689,30,8,242,24
130655,18,6,488,21
62359,48,10,1059,30
23589,120,9,565,25
73482,16,7,552,29
6294,64,7,340,24
65629,38,8,592,28
49739,40,10,964,29
120641,36,7,199,19
83058,20,6,396,26
60179,100,9,511,25
86324,12,5,243,24
61265,44,8,971,29
175794,38,7,566,26
7154,16,6,224,24
27719,12,5,317,24
8484,28,5,336,24
46699,42,9,769,27
95026,50,7,515,27
131752,70,9,984,21
27711,16,6,332,26
26865,26,6,293,25
22267,68,9,5131,34
66728,18,6,332,24
119895,60,8,987,28
32058,8,3,584,26
100804,18,6,262,24
177968,66,8,592,25
175548,20,5,564,26
174211,64,7,739,26
37984,16,7,254,19
53655,46,10,1609,31
107438,62,7,1143,39
107679,60,8,364,25
270868,20,6,313,24
19741,34,9,292,24
38262,12,5,317,20
107012,14,5,219,24
6077,14,5,267,24
133782,10,5,180,24
70794,16,7,287,25
28451,12,5,317,24
1612,38,7,483,26
30543,42,7,478,26
29542,30,6,352,25
66291,30,8,239,24
271785,12,5,317,24
74909,14,5,258,24
91009,32,8,394,24
2946,264,7,12193,35
19748,116,7,505,25
177354,64,6,990,26
67141,22,6,420,24
68005,18,6,332,24
133556,30,8,518,34
39584,16,5,404,26
130284,18,6,402,21
94993,50,7,515,27
134405,16,7,302,25
70565,16,6,236,24
85804,12,5,226,24
82778,20,6,381,26
29792,16,6,236,24
119475,22,7,484,27
121782,38,9,361,19
33807,34,6,351,19
69330,30,6,371,24
17541,40,8,613,26
19720,20,6,249,24
134897,16,6,388,26
132475,52,8,1117,22
73604,16,7,629,30
38243,12,5,317,20
134651,16,6,388,26
31608,14,5,244,24
72996,28,7,857,30
38486,16,5,1388,25
18870,66,6,404,25
180513,188,9,1333,29
40568,16,6,336,26
132239,56,7,998,23
6091,78,7,327,24
92120,42,8,699,26
63802,28,8,261,24
86919,44,7,258,31
7182,14,4,332,24
42986,36,8,370,25
106381,54,7,930,28
60537,40,8,453,25
124800,340,8,2428,32
84742,20,6,305,25
83895,54,7,604,26
119228,16,6,364,26
271761,16,5,299,25
176287,32,6,748,26
38009,84,7,236,19
73839,32,7,852,29
68253,50,7,282,24
134424,16,6,227,24
74704,16,6,224,24
130067,22,7,260,20
176040,32,6,664,26
181610,44,6,2687,32
107249,14,5,1071,39
41884,26,8,525,21
70585,16,6,223,24
41402,14,5,270,24
86909,46,8,772,26
83404,20,6,396,26
85825,16,7,234,24
81226,12,5,199,24
57139,42,6,265,24
27592,16,6,332,26
60787,36,8,388,25
1401,40,8,461,25
118364,300,8,1161,28
82553,18,6,294,25
28203,12,5,317,24
271991,12,5,317,24
29774,16,6,238,24
60783,38,11,1171,30
120431,60,8,776,27
135761,36,9,611,26
31842,8,3,424,25
69353,36,7,630,25
30755,42,7,478,26
51837,40,11,1114,30
74955,36,9,1042,30
74952,12,5,261,25
38223,36,7,260,19
73861,30,8,696,28
29505,36,7,463,26
36045,6,3,406,24
130479,18,6,488,21
107053,8,4,235,24
24052,12,5,239,24
85857,16,6,241,24
29501,32,7,602,25
27323,130,10,991,27
66093,58,9,746,28
30505,46,7,576,27
180977,188,9,1333,29
39558,16,6,336,26
119284,22,7,364,26
19703,36,7,413,25
1658,72,7,1402,26
133511,38,8,512,34
69138,28,7,390,24
73879,30,8,513,27
68289,34,9,284,24
134844,36,9,460,26
8066,12,5,235,24
107066,14,5,269,24
74724,14,5,226,24
74966,12,5,238,24
134603,16,6,260,24
70122,38,7,422,26
74722,46,9,855,27
73632,16,7,680,31
93226,34,7,312,24
130245,14,6,297,21
63831,40,8,388,25
40776,16,4,399,26
132427,52,8,1018,22
270000,88,9,24535,74
42716,48,9,385,25
34094,28,7,666,25
100669,18,6,340,24
29991,16,5,299,24
60326,20,5,398,25
29754,30,7,345,25
85843,12,5,234,24
81244,20,6,281,24
82577,20,8,370,25
175367,58,8,678,26
30977,18,9,245,24
48496,42,10,983,29
176210,32,6,748,26
174031,74,7,674,26
178672,58,8,874,28
74978,12,5,235,24
73404,16,7,604,30
37594,68,8,513,20
24037,12,5,1067,39
29969,16,6,227,24
120487,52,7,536,26
84305,34,8,586,26
85878,12,5,242,24
84549,100,7,424,25
4708,90,9,2770,28
102819,14,6,260,24
60577,20,5,398,25
123511,36,8,277,19
122421,66,9,361,19
39534,16,6,336,26
17748,40,8,464,25
38205,12,5,317,20
178425,68,6,1389,28
120249,68,8,1076,28
103902,14,6,5109,45
130022,16,6,354,21
38673,42,9,486,20
40750,16,6,336,26
131598,48,9,639,20
71233,64,11,1151,30
73895,14,5,459,27
62521,44,8,2763,34
61433,112,8,2402,29
29734,30,7,345,25
63858,28,8,258,24
107041,10,5,219,24
86959,26,7,283,31
86715,48,7,242,24
123741,44,5,565,21
29732,56,6,745,25
83202,20,6,396,26
83443,20,6,396,26
1200,24,7,260,24
175147,88,7,768,26
100640,18,6,340,24
4952,102,9,2782,28
30715,42,7,478,26
179743,174,8,930,28
17515,12,5,296,26